ID,Name,From,To,Group,Location,Bells,Extant From,Extant To,Rings
287,'Burlingham type',,,,,4,1499,1599,4
244,(unidentified),,,,,654,1150,1909,578
289,Abbot and Co,1833,1883,,Gateshead,15,1833,1899,15
290,Abbott & Co,1876,1878,West Country,Bideford,1,1878,1878,1
1379,John Abrahams,,,,Tavistock,2,1807,1821,2
1465,Adebert,,,,,1,1742,1742,1
292,Felix van Aerschodt,,1905,Non UK,Louvain,9,1898,1907,3
294,Severin van Aerschodt,1877,1889,Non UK,Louvain,19,1883,1885,3
295,G Ainsworth,1806,1815,,Warrington,3,1806,1815,3
1351,Albion Foundry,,,,"Leeds, Yorks",1,1890,1890,1
296,John Aleyn,1521,1555,Norwich,Norwich,6,1525,1530,5
298,John Aleyn,1300,1300,,Southease,1,1296,1296,1
1415,R Anderson & Co,,,,Liverpool,1,1869,1869,1
300,Thomas Andrew,1598,1598,Bury St Edmunds,Bury St Edmunds,5,1598,1598,2
1470,Appowell (generic),,,Appowell,Buckinghamshire,1,1578,1578,1
304,John Appowell,1552,1577,,Buckingham,7,1550,1599,7
306,R Apsey & Thomas Bickham,,,,,4,1670,1671,4
305,William Apsey,1678,1687,,"Nettlecombe, Som",2,1681,1684,2
1439,W & G Armstrongs,,,,Edinburgh,1,1792,1792,1
41,Edward Arnold,1761,1799,,"St Neots(-85), Leicester(84-)",144,1772,1798,77
309,Luke Ashton,1714,1756,Wigan,Wigan,22,1721,1756,21
311,Ralph I Ashton,1695,1720,Wigan,Wigan,12,1668,1721,10
310,Ralph II Ashton,,1756,Wigan,Wigan,1,1756,1756,1
312,James Atkinson,,,,Cork,1,1821,1821,1
318,Robert Atton & Nathaniel Bolter,,,,Buckingham,1,1628,1628,1
314,Bartholomew Atton,1585,1613,,Buckingham,19,1590,1613,19
315,Bartholomew & Robert Atton,,,,Buckingham,3,1605,1624,2
316,Robert Atton,1605,1633,,Buckingham,44,1607,1633,33
322,Robert II Austen & Thomas Bickham,1669,1671,West Country,,2,1670,1670,2
320,Robert I Austen,1618,1648,West Country,Compton Dundon,27,1618,1648,25
321,Robert II Austen,1649,1668,West Country,Compton Dundon,30,1649,1668,28
1524,Bachert Bell Foundry,,,,"Bad Friedrichshall, Germany",3,,,1
324,Joseph Badman,1723,1725,West Country,(Som),1,1723,1723,1
337,Bagley (generic),,,Bagley,,2,1687,1700,2
325,Henry I Bagley,1631,1684,Bagley,Chacombe,161,1631,1684,95
326,Henry II Bagley,1679,1703,Bagley,"Chacombe(-87), Ecton(87-)",93,1669,1702,47
327,Henry III Bagley,1706,1746,Bagley,"Chacombe(-06), Witney(10-),etc",93,1700,1746,53
328,James Bagley,1746,1746,Bagley,(NOT London),4,1710,1746,4
329,James (L) Bagley,1710,1718,Bagley,London,2,1712,1712,2
1401,Matthew & James Bagley,,,,Chacombe,1,1747,1747,1
334,Matthew & William Bagley,1683,1689,Bagley,Chacombe,1,1689,1689,1
331,Matthew I Bagley,1679,1690,Bagley,"Chacombe(-87), Evesham(87-)",32,1679,1689,18
335,Matthew I & Henry II Bagley,1679,1687,Bagley,Chacombe,80,1680,1687,20
332,Matthew II Bagley,1693,1716,Bagley,Clerkenwell,11,1708,1776,9
333,Matthew III Bagley,1740,1782,Bagley,"Chacombe(-1782), Wolverhampton",30,1748,1782,23
249,William Bagley,1681,1712,Bagley,Chacombe,41,1685,1708,22
336,William & Henry III Bagley,1703,1708,Bagley,,17,1703,1708,5
1380,John Bailey & Co,,,,"Salford, Lancashire",2,1860,1873,2
1441,William Henry Bailey & Co,,,,Salford,1,1880,1880,1
342,Baker (generic),,,,,1,1699,1699,1
338,Godwin Baker,1615,1623,Worcester,Worcester,4,1615,1623,4
339,John Baker,1567,1609,Hereford,Hereford,7,1567,1609,7
340,Simon Baker,1612,1629,Hereford,Hereford,1,1620,1620,1
341,William Baker,1504,1510,,Exeter,1,1510,1510,1
1377,I Balthasar,,,,,1,1658,1658,1
343,John Baly,1479,1484,Norwich,Norwich,3,1480,1499,2
344,Stephen Banastre,1300,1399,Hereford,Hereford,1,1350,1350,1
345,John Barber,1399,1403,Salisbury,Salisbury,20,1380,1404,18
1416,R Barker,,,,York,1,1938,1938,1
347,William Barker,1528,1538,Norwich,Norwich,3,1530,1538,3
1474,Barlow,,,,,1,,,1
1353,Barrett & Osborne,,,,"Bishopsgate, London",1,1852,1852,1
1352,Alfred Barrett,,,,"Bishopsgate, London",3,1851,1852,2
348,Antony Bartlet,1640,1675,Whitechapel,"Whitechapel, London",28,1652,1675,22
350,James Bartlet,1675,1700,Whitechapel,"Whitechapel, London",71,1675,1700,40
351,Thomas Bartlet,1616,1632,Whitechapel,"Whitechapel, London",27,1616,1676,20
354,Thomas II Bartlett,1767,1767,,Portsmouth,2,1767,1767,1
355,James Barwell & Co,1889,1920,,Birmingham,118,1889,1920,58
101,James Barwell,1870,1898,,Birmingham,197,1870,1949,124
356,Bassett,1814,1814,,"Bury, Manchester",1,1814,1814,1
357,Bathgate & Wilson,,,,Liverpool,3,1822,1854,3
359,Richard Baxter,1416,1457,Norwich,Norwich,19,1400,1457,17
1478,Richard Baxter or Brasyer,,,,Norwich,1,1499,1499,1
361,Bayley & Street,1749,1753,West Country,Bridgwater,10,1750,1753,6
362,"Bayley, Street & Co",1753,1756,West Country,Bridgwater,7,1753,1756,6
360,Thomas Bayley,1741,1773,West Country,Bridgwater,78,1743,1773,45
1440,William Baynbrigg,,,,York,2,1420,1430,2
1430,Thomas Beardmore,,,,"Burslem, Staffs",1,1848,1848,1
365,John Beaskam,1641,1714,West Country,Cornwall,5,1641,1700,5
366,R Beconsall (or Ralph Brooke?),1571,1624,,it: Sussex & Hants,26,1572,1624,23
1345,Robert Beconsall,1571,1624,,"Sussex, Hampshire",10,1571,1607,8
1373,H E Bell,,,,,1,1848,1848,1
1392,Johannes Belyetere,,,,Shrewsbury,1,1399,1399,1
383,Richard II Belyetere,1440,1464,Worcester,Worcester,22,1420,1460,14
1419,Richard le Belyetere,,,,,4,1440,1440,4
390,William le Belyetere (Canterbury),1325,1325,Kent,Canterbury,7,1325,1325,6
395,Richard Benetlye,1585,1585,Leicester,Leicester,2,1585,1585,2
396,John Bennett,1759,1765,,Helston,1,1759,1759,1
397,John Bery,1455,1480,York,York,2,1460,1460,2
399,Thomas Bett,1521,1538,Leicester,Leicester,12,1500,1538,9
1348,Alphons Beullens,,,,Louvain,1,1894,1894,1
412,Bilbie (generic),,,West Country,West Country,1,1777,1777,1
401,Abraham Bilbie,1768,1773,West Country,Chewstoke,29,1768,1773,11
403,Edward Bilbie,1698,1723,West Country,Chewstoke,49,1698,1723,26
405,John Bilbie,1814,1814,West Country,Cullompton,4,1814,1814,1
408,Thomas & James Bilbie,1791,1811,West Country,Chewstoke,29,1791,1811,21
1429,Thomas & William Bilbie,,,West Country,Chewstoke,1,1775,1775,1
409,Thomas (Castleman) III Bilbie,1781,1814,West Country,Cullompton,125,1782,1811,56
406,Thomas I Bilbie,1724,1768,West Country,Chewstoke(&Cullompton 1746-54),246,1725,1768,99
410,"Thomas I, Thomas II & Abraham Bilbie",,,West Country,"Chewstoke, Cullompton",8,1765,1765,1
407,Thomas II Bilbie,1754,1780,West Country,Cullompton,171,1754,1782,59
1431,Thomas III Bilbie,,,West Country,,3,1790,1810,3
411,William Bilbie,1775,1790,West Country,Chewstoke,68,1775,1790,44
413,Billington & Newton,1884,1884,,Longport,2,1884,1884,2
415,John Bird,1408,1418,London,London,19,1405,1420,15
416,John I Birdall,1572,1609,West Country,Exeter,2,1570,1607,2
417,John II Birdall,1609,1624,West Country,Exeter,4,1616,1624,4
418,Thomas Birdall,1570,1609,West Country,Exeter,10,1590,1605,7
1339,Francis W Birkett & Sons,,1922,,Cleckheaton,1,1922,1922,1
220,Thomas Blackbourn,1890,1905,Salisbury,Salisbury,37,1899,1905,20
420,Richard Blakey,1501,1510,York,York,1,1510,1510,1
60,Gillett & Bland,1854,1879,Gillett,Croydon,29,1877,1889,12
1381,J Blaycock,,,,Carlisle,2,1847,1849,2
421,William Blews & Sons,1862,1891,,Birmingham,162,1867,1891,74
1407,Nicolas Blondel,,,,,1,1759,1759,1
422,Walter Blowere,1300,1399,,(Norf),1,1350,1350,1
423,Bodden / Perner,,,Non UK,Passau,6,2012,2012,1
427,Nathaniel Bolter & Humphrey Keene,1629,1629,,Buckingham,2,1629,1629,1
426,Nathaniel Bolter,1628,1657,,"Buckingham(-29), Salisbury(51-",5,1638,1655,4
431,Ralph Bolton & W A Wylde,1822,1835,Wigan,Wigan,1,1824,1824,1
428,John Bolton,,1816,,Wigan,1,1797,1797,1
429,Robert Bolton,1802,1821,Wigan,Wigan,12,1790,1825,12
86,Henry I Bond & Son(s),1851,1905,Burford,"Westcot(-61), Burford(62-)",25,1868,1904,18
432,Anthony Bond,1610,1636,,(Hants & Dorset),8,1610,1634,6
80,Henry Bond,,,,Burford,3,1907,1917,3
286,Henry I Bond,1851,1905,Burford,"Westcot(-61), Burford(62-)",9,1865,1900,8
434,Henry II & Thomas Bond,,,Burford,Burford,3,1906,1913,3
221,Thomas Bond,1905,1938,Burford,Burford,27,1908,1938,19
437,Paul Bourdon,1680,1690,,Guernsey,6,1680,1690,4
439,Bowditch & Higby,1989,2014,West Country,Dulcote,81,1997,2013,15
3,Alfred Bowell,1896,1939,,Ipswich,306,1896,1939,146
83,Henry Bowell,1896,1899,,Ipswich,12,1897,1899,5
441,Robert Bowen,1846,1890,,Clerkenwell,4,1851,1858,4
444,Richard Bowler & Richard Holdfield,1601,1601,,,3,1601,1601,2
442,Augustine Bowler,1623,1648,,Hull,15,1626,1647,12
443,Richard Bowler,1587,1604,,Colchester,23,1587,1604,21
446,Austen Bracker,1550,1560,King's Lynn,King's Lynn,7,1550,1560,7
447,John Bradshaw,1682,1705,,Wellington,6,1685,1700,5
448,Joseph Bradwell,1822,1828,,Richmond,6,1822,1828,4
449,Brantingham group,,,York,York,3,1450,1450,3
450,Brassfoundry,,,,,105,1780,1953,105
456,Robert Brasyer (or Fuller),1377,1435,Norwich,Norwich,1,1435,1435,1
453,Richard I Brasyer,1424,1482,Norwich,Norwich,25,1424,1499,20
454,Richard II Brasyer,1478,1513,Norwich,Norwich,13,1478,1513,11
457,Brasyers of Norwich (generic),1424,1513,Norwich,,163,1450,1599,124
467,John II Brend & John Draper,,,Norwich,,5,1636,1637,2
468,Brend (generic),,,Norwich,,9,1572,1665,8
458,Elias Brend,1658,1666,Norwich,Norwich,7,1658,1665,7
459,John I Brend,1564,1582,Norwich,Norwich,31,1564,1597,30
460,John II Brend,1634,1658,Norwich,Norwich,116,1615,1658,75
1471,R & John I Brend,,,Norwich,Norwich,1,1564,1564,1
461,Ralph Brend,1664,,Norwich,Norwich,1,1634,1634,1
462,Thomas Brend,1664,,Norwich,Norwich,2,1660,1661,2
463,Thomas & Elias Brend,,,Norwich,Norwich,5,1659,1664,5
464,William Brend,1582,1634,Norwich,Norwich,129,1583,1634,94
465,William & Alice Brend,1586,1634,Norwich,Norwich,111,1589,1658,64
466,William & John II Brend,,,Norwich,Norwich,15,1612,1628,13
469,Briant & Taylor,,,Loughborough,,1,1816,1816,1
100,John Briant,1779,1825,,Hertford,326,1781,1825,142
471,Bristol foundry,1350,1500,Bristol,Bristol,183,1350,1899,158
472,Jean Baptiste Brocard,,,Non UK,,4,1736,1736,2
473,William Brooke,1738,1750,,Bromsgrove,11,1736,1750,9
475,Thomas Bullisdon,1495,1515,London,London,36,1499,1515,31
476,Robert Burford,1392,1418,London,London,27,1400,1418,23
477,William Burford,1371,1392,London,London,25,1375,1392,21
1490,William & Robert Burford,,,London,London,1,1399,1399,1
480,David Burges,1850,1853,,Glasgow,2,1840,1853,2
481,Burgess & Hayton,1830,1833,,Carlisle,3,1830,1833,3
482,Burgess & Insall,1826,1826,,Carlisle,1,1826,1826,1
483,James Burrough,1738,1755,West Country,Devizes,17,1745,1754,10
484,Bury St Edmunds foundry,,,,,51,1280,1599,45
485,Michael Bushell,1701,1707,,Evesham,4,1707,1707,1
486,James Butler,1604,1633,,? Bishop's Stortford,6,1613,1633,3
487,Thomas Buxton,1838,1838,,Malton,1,1838,1838,1
488,Matthew Byrne,1840,1904,Non UK,Dublin,4,1892,1904,3
25,Charles Carr,1864,1926,,Smethwick,187,1875,1926,84
495,William Carter & Thomas Bartlet,1616,1616,Whitechapel,Whitechapel,2,1612,1616,2
493,Joseph Carter,1578,1609,Whitechapel,"Reading(-06),Whitechapel(06-)",69,1578,1609,52
494,William Carter,1610,1616,Whitechapel,"Whitechapel, London",9,1610,1615,9
255,William Cary,1830,1852,,Bristol,1,1852,1852,1
193,Robert Catlin,1738,1751,London,"Holborn, London",87,1739,1751,36
496,Michael Cawood,,1812,,Leeds,2,1806,1812,2
499,Robert Chamberlain,1420,1426,London,"Aldgate, London",7,1420,1499,6
500,William Chamberlain,1426,1456,London,"Aldgate, London",119,1350,1499,84
507,Chandler (generic),,,,Drayton Parslow,16,1665,1708,15
501,Anthony Chandler,1650,1679,,Drayton Parslow,73,1650,1678,43
502,George Chandler,1681,1726,,Drayton Parslow,23,1681,1726,18
503,Richard I Chandler,1635,1638,,Drayton Parslow,5,1635,1638,5
504,Richard II Chandler,1662,1673,,Drayton Parslow,1,1664,1664,1
505,Richard III Chandler,1674,1723,,Drayton Parslow,59,1674,1723,49
506,Thomas Chandler,1723,1723,,Drayton Parslow,1,1723,1723,1
509,Chapman & Mears,1781,1784,Whitechapel,Whitechapel,53,1781,1784,23
179,Pack & Chapman,1769,1781,Whitechapel,Whitechapel,333,1765,1780,164
508,William Chapman,1781,1781,Whitechapel,"Whitechapel, London",13,1781,1781,8
511,T Cheese & J Edbury,,,Bury St Edmunds,Bury St Edmunds,2,1622,1623,2
510,Thomas Cheese,1603,1632,Bury St Edmunds,Bury St Edmunds,10,1603,1632,7
513,Chertsey foundry,,,,,2,1516,1604,2
514,Chesterfield foundry,,,,,4,1500,1550,4
515,Reginald Church,1470,1498,Bury St Edmunds,Bury St Edmunds,15,1475,1499,15
516,Thomas Church,1498,1527,Bury St Edmunds,Bury St Edmunds,9,1510,1527,6
520,William Clark & Michael Bushell,1706,1707,,Evesham,14,1706,1707,3
518,John Clark,1711,1711,,Evesham,2,1711,1711,2
519,William Clark,1701,1707,,Evesham,8,1703,1707,4
521,George Clarke,1564,1564,,Cambridge,1,1564,1564,1
523,John II Clarke,1599,1621,,Essex(it),11,1599,1621,11
525,Thomas Clay,1711,1715,Leicester,Leicester,2,1711,1715,2
532,Clibury (generic),,,,"Wellington, Salop",3,1633,1647,3
526,Henry Clibury,1671,1682,,"Wellington, Salop",22,1671,1682,20
527,John Clibury,1590,1605,,"Wellington, Salop",2,1590,1590,2
1444,Thomas Clibury (generic),,,,"Wellington, Shropshire",1,1699,1699,1
528,Thomas I Clibury,1621,1637,,"Wellington, Salop",13,1620,1642,8
529,Thomas II Clibury,1650,1673,,"Wellington, Salop",39,1650,1671,33
530,William Clibury,1605,1642,,"Wellington, Salop",59,1605,1642,44
531,William & Thomas Clibury,,,,"Wellington, Salop",10,1622,1637,8
533,John Clifton,1632,1652,Whitechapel,"Whitechapel, London",9,1633,1640,8
535,Edward Cockey,1823,1840,West Country,Frome,8,1815,1845,5
536,Lewis Cockey,1681,1699,West Country,Frome,11,1681,1697,8
537,Mordecai Cockey,1666,1701,West Country,Totnes,7,1678,1701,7
538,William Cockey,1693,1751,West Country,Frome,70,1706,1751,45
539,John Cole,1573,1592,,it: Sussex,7,1573,1592,7
540,William Cole,1583,1596,,Mudford,3,1583,1596,3
541,John de Colsale,1409,1421,Nottingham,Nottingham,22,1400,1410,21
542,John Conyers,1613,1634,,"Hull, New Malton",21,1616,1634,20
1432,T Cookson,,,,"Newcastle, Northumberland",1,1812,1812,1
544,John de Copgrave,1300,1399,York,York,5,1300,1399,4
546,Copperhouse Foundry,1825,1832,West Country,Hayle,5,1828,1832,4
1359,Cor (generic),,,Aldbourne,Aldbourne,2,1713,1749,2
547,John Cor,1728,1741,Aldbourne,Aldbourne,19,1728,1741,11
548,John & R Cor,1735,1735,Aldbourne,Aldbourne,2,1730,1735,2
549,Oliver Cor,1724,1727,Aldbourne,Aldbourne,12,1725,1727,9
550,Robert I Cor,1694,1715,Aldbourne,Aldbourne,12,1694,1703,10
551,Robert II Cor,1716,1724,Aldbourne,Aldbourne,6,1721,1724,5
552,William Cor,1696,1719,Aldbourne,Aldbourne,3,1699,1700,2
553,William and Robert Cor,1696,1724,Aldbourne,Aldbourne,39,1696,1724,21
1513,M Cordt,,,,Lubeck,1,1656,1656,1
1382,B Cort,,,,Leicester,1,1805,1805,1
559,Tobias Covey,1682,1725,Non UK,"Limerick, Ireland",1,1682,1682,1
561,William & Thomas Covey,1674,1687,Non UK,"Limerick, Ireland",1,1681,1681,1
562,Covington,1777,1777,,Stony Stratford,1,1777,1777,1
563,Richard Covington,1606,1606,,,1,1606,1606,1
564,Cowgill & Comer,1836,1840,,Liverpool,7,1836,1840,5
1360,"Cowgill, Comer & Jones",,,,Liverpool,1,1841,1841,1
565,Cox & Sons,1878,1878,,Newcastle upon Tyne,4,1878,1879,2
567,Ciprianus Jansz Crans,1742,1742,Non UK,Amsterdam,1,1742,1742,1
1483,Crossland & Taylor,,,,,2,1903,1903,1
569,Richard Crouch,1439,1439,London,London,4,1420,1450,3
570,William Cuerdon,1652,1678,,Doncaster,1,1676,1676,1
571,William Culverden,1497,1522,London,London,24,1500,1599,20
1484,William Curedon,1652,1678,,Doncaster,1,1661,1661,1
1525,Czudnochowsky Bell Foundry,,,,"Erding, Germany",1,,,1
1477,E D,,,,,1,1622,1622,1
573,George Dalton,1750,1785,York,York,28,1753,1784,25
574,Robert Dalton,1785,1803,York,York,34,1785,1803,13
576,Henry Dand and George Lees,1586,1586,Nottingham,Nottingham,2,1586,1590,2
575,Henry Dand,1558,1598,Nottingham,Nottingham,36,1560,1592,31
577,John Danks & Son,1927,1929,Non UK,"Victoria, Australia",1,1930,1930,1
579,John Danyell succ'r ('Brede'),1470,1486,London,London,67,1456,1499,54
578,John Danyell,1456,1470,London,London,15,1455,1470,14
582,John Darbie's assistant,,,,,5,1672,1674,2
580,John Darbie,1651,1691,,Ipswich,188,1651,1686,109
581,Michael Darbie,1650,1682,,it: SE England,26,1650,1675,16
583,D Davies,1716,1716,,South Wales,1,1716,1716,1
584,D & T Davies,1714,1722,,S Wales,1,1722,1722,1
69,George Davis,1782,1799,West Country,Bridgwater,25,1782,1799,20
587,William Dawe's predecessor,1350,1400,London,London,5,1370,1380,5
586,William Dawe,1381,1418,London,London,37,1380,1420,30
1454,William Dawe's successor,,,,,2,1420,1420,1
588,Richard Dawkes,1606,1633,Worcester,Worcester,1,1633,1633,1
1386,J S Dawson,,,,"Preston, Lancashire",1,1845,1845,1
591,John Dawton & Richard Tuck,,,Salisbury,Salisbury,7,1624,1626,7
590,John Dawton,1624,1637,Salisbury,Salisbury,24,1626,1637,21
36,George Day & Sons,,,,"Eye, Suffolk",1,1915,1915,1
592,Thomas Deacon (or Dekun),1300,1399,,E Yorkshire,5,1370,1399,5
1361,Derby of King's Lynn (generic),,,,King's Lynn,3,1320,1350,2
593,(Henry?) Derby,1300,1399,King's Lynn,King's Lynn,2,1350,1399,2
594,Thomas Derby,1450,1450,King's Lynn,King's Lynn,3,1450,1450,2
595,Thomas Dicker,1733,1734,Reading,Reading,2,1734,1734,2
597,John Dier & Robert Wickes,1577,1577,,,1,1577,1577,1
596,John Dier,1577,1602,,Hitchin; it: Essex,24,1579,1600,21
598,Francis Dingey,,,,Truro,1,1899,1899,1
259,William Dobson,1798,1832,,Downham Market,256,1786,1832,112
599,Robert Doddes,1567,1575,London,London,1,1575,1575,1
601,Thomas Doo,1687,1687,,Gt Yarmouth,1,1687,1687,1
1362,Dorset foundry,,,,Dorset,1,1499,1499,1
605,John Draper & Andrew Gurney,,,,Thetford,2,1621,1630,2
603,John Draper,1599,1644,,Thetford,162,1599,1642,102
604,Thomas Draper,1574,1595,Bury St Edmunds,Thetford & Bury St Edmunds,14,1577,1593,14
607,J Driver & J Edbury,,,Bury St Edmunds,Bury St Edmunds,1,1615,1615,1
606,John Driver,1602,1615,Bury St Edmunds,Bury St Edmunds,6,1614,1618,5
608,William Dudley,1300,1399,,Lincolnshire,1,1399,1399,1
1468,Dutch (generic),,,,Netherlands,1,1489,1489,1
1395,John Early,,,,Winchester,1,1751,1751,1
612,Walter de Easingwold,1335,1345,,,4,1327,1340,4
618,Eayre & Lewis,,,Non UK,"Port Elizabeth, S Africa",5,1998,2002,3
40,Eayre & Smith,,,,"Melbourne, Derbys",1,1997,1997,1
614,Joseph Eayre,1735,1772,,St Neots,188,1735,1784,101
617,Thomas & John Eayre,1716,1718,,,3,1717,1718,3
615,Thomas I Eayre,1717,1757,,Kettering,121,1718,1757,78
616,Thomas II Eayre,1757,1762,,Kettering,28,1757,1762,14
619,James Edbury,1603,1623,Bury St Edmunds,Bury St Edmunds,10,1604,1612,9
620,Louis Edel,,,Non UK,Strasbourg,1,1849,1849,1
622,Geoffrey of Edmonton,1303,1303,London,London,1,1300,1300,1
623,Islip Edmunds,1764,1767,,(Bedfordshire),4,1764,1767,4
624,Eijsbouts,1947,,Non UK,Asten (Holland),272,1979,2023,82
1354,Brian I Eldridge & Thomas Wakefield,,,,West Sussex,1,1624,1624,1
626,Bryan I Eldridge,1618,1640,,"Horsham, Chertsey",36,1618,1640,31
627,Bryan II Eldridge,1636,1661,,"Chertsey, Coventry",53,1636,1660,40
628,Bryan II & William Eldridge,1660,1661,,Chertsey,4,1660,1661,3
629,Richard Eldridge,1593,1622,Wokingham,"Wokingham, Horsham",17,1592,1622,15
631,Thomas I Eldridge,1565,1592,Wokingham,Wokingham,1,1580,1580,1
633,William I Eldridge,1660,1716,Wokingham,"Wokingham, Chertsey",63,1660,1714,46
1547,"William I, William II & Thomas II Eldridge",,,,Chertsey,6,1699,1699,1
1548,William II & Thomas II Eldridge,,,,Chertsey,1,1704,1704,1
636,William Elery & Thomas Roskelly,,,West Country,Closworth,1,1752,1752,1
635,William Elery,1732,1752,West Country,Closworth,4,1749,1752,4
638,William Emerton,1768,1789,,Wootton,14,1772,1789,9
640,Evan I Evans,1686,1724,Chepstow,Chepstow,66,1695,1722,29
642,Evan II & William Evans,1718,1727,Chepstow,Chepstow,68,1718,1726,22
643,William Evans,1710,1770,Chepstow,Chepstow,255,1710,1766,90
644,Exeter foundry,1399,1599,,,136,1380,1599,100
646,Henry Farmer & James Keene,1623,1623,,Evesham,2,1623,1623,1
645,Henry Farmer,1600,1623,,Evesham,20,1600,1622,15
648,John II Fathers,,1749,West Country,Montacute,1,1749,1749,1
650,John Finch & A H,1628,1628,,,1,1628,1628,1
649,John Finch,1628,1664,Hereford,Hereford,40,1625,1664,33
652,W Flint,,,,,1,1317,1317,1
653,Robert (?Richard?) Florey,1671,1677,Salisbury,Salisbury,6,1674,1677,6
654,Francis Foster,1654,1675,Salisbury,Salisbury,13,1655,1671,10
655,John Frankys,1370,1400,,Hedon,4,1350,1390,4
1421,Stephen Frankys,,,,"Lane End, Bucks",1,1400,1400,1
1365,Fratelli,,,,"Verona, Italy",1,1887,1887,1
656,French,1458,1567,Non UK,,8,1432,1899,7
180,Petit & Fritsen,1971,2003,Non UK,Aarle,17,1971,2003,7
658,Thomas Gardiner,1709,1760,,Sudbury,204,1711,1760,135
659,Thomas Gardiner and Thomas Newman,1719,1719,Norwich,Norwich,1,1719,1719,1
660,Thomas Gefferies,1505,1545,Bristol,Bristol,43,1499,1599,40
1389,James G Gelling,,,,"Douglas, Isle of Man",1,1861,1861,1
1418,Thomas Gelling,,,,"Douglas, Isle of Man",1,1835,1835,1
661,Peter van den I Ghein,1523,1561,Non UK,Mechlin,4,1523,1547,4
662,Edmund Giles,1595,1614,,Lewes,14,1595,1613,11
663,Geoffrey Giles,1583,1585,,Coventry,3,1583,1584,2
664,Thomas Giles,1594,1623,,"Chichester, Lewes",8,1602,1621,8
61,Gillett & Co,1883,1892,Gillett,Croydon,125,1883,1892,54
1333,Gillett & Johnston (Clocks),1955,1960,Gillett,,5,1956,1971,4
666,"Gillett, Bland & Co",1879,1884,Gillett,Croydon,24,1877,1883,11
667,Samuel Gilpin,1677,1705,Norwich,Norwich,21,1683,1705,19
1350,Alan de Gisburn,,,,,1,1300,1300,1
671,Gloucester foundry,,,,Gloucester,27,1320,1499,23
669,John of Gloucester,1340,1350,,Gloucester,18,1350,1399,16
673,John Goldsmith,1702,1716,,Redgrave,14,1707,1716,9
674,Ambrose Gooding,1713,1755,West Country,Plymouth,12,1714,1751,9
675,John Gooding,1310,,King's Lynn,King's Lynn,1,1310,1310,1
210,Samuel Goslin,1887,1920,,Bishopsgate,6,1893,1906,5
678,John Gosselin,1438,1452,Bristol,Bristol,5,1420,1499,5
1372,Goulds Manufacturing Company,1869,,,"Seneca Falls, New York, USA",1,1891,1891,1
1391,Jan Albert de Grave,,,,"Amsterdam, Netherlands",1,1730,1730,1
680,Christopher Graye,1653,1683,,"(it), Ampthill, Haddenham, ...",38,1655,1680,29
1404,Miles Graye (generic),,,,,6,1621,1664,6
681,Miles I Graye,1598,1649,,Colchester,169,1602,1646,113
682,Miles II Graye,1634,1665,,?,25,1630,1664,17
683,Miles III Graye,1647,1686,,"it: Essex, Herts, Hunts",118,1647,1686,76
685,John I Green,1595,1608,Worcester,Worcester,8,1594,1605,7
686,John II Green,1609,1639,Worcester,Worcester,15,1609,1639,14
688,Nicholas Green,1528,1541,Worcester,Worcester,1,1530,1530,1
689,R Green,1721,1721,,,1,1721,1721,1
690,John Grene,1571,1575,,it (? based on Hitchin?),3,1571,1575,3
1371,Greystoke group,,,,Yorkshire,7,1450,1500,5
692,Andrew Gurney (of Hull),1676,1678,,Hull,6,1676,1678,5
693,Andrew Gurney (of Thetford),1621,1636,,Thetford,1,1633,1633,1
691,Robert Gurney,1649,1673,Bury St Edmunds,Bury St Edmunds,27,1659,1673,20
695,H S,1451,1451,Bury St Edmunds,Bury St Edmunds,9,1451,1499,8
697,Isaac Hadley,1701,1703,London,"Leominster, London",6,1702,1703,6
1374,Haigh Foundry,1790,1885,,"Haigh, Lancashire",1,1835,1835,1
699,Thomas Hale & Sons,,1859,,,4,1848,1855,4
700,Edward Hall,1726,1754,,Drayton Parslow,9,1726,1754,7
701,Edward and William Hall,1752,1752,,Drayton Parslow,1,1752,1752,1
705,I Halton & D Hedderley,1714,1714,,,6,1714,1714,1
703,Immanuel Halton,1712,1731,,"Wingfield, Derbys",11,1713,1731,9
704,John Halton,1731,1740,,South Wingfield,3,1731,1739,3
265,William Hambling,1821,1852,,Blackawton,5,1821,1844,5
1549,Jean Hamonnet,1663,1663,,Quebec area of Canada,1,1663,1663,1
707,Thomas I Hancox,1622,1631,Walsall,Walsall,17,1622,1631,13
708,Thomas II Hancox,1632,1640,Walsall,Walsall,15,1632,1640,13
709,William Harbert,1618,1628,,Colchester,2,1619,1625,2
710,John Harding,1550,1558,London,London,6,1550,1560,6
1344,Harrington (generic),1884,1926,Harrington,Coventry,166,1886,1920,26
1343,"Harrington, Holland & Co",1920,1926,,Coventry,99,1911,1939,14
1342,"Harrington, Latham & Co",1889,1916,Harrington,Coventry,750,1887,1919,98
714,Henry II Harrison,1766,1778,,Barrow on Humber,42,1765,1780,18
118,James I Harrison,1762,1766,,Barrow on Humber,12,1764,1766,4
1390,James II Harrison,,,,Barrow on Humber,1,1792,1792,1
119,James III Harrison,1785,1833,,Barrow and Barton,159,1775,1833,91
715,John II Harrison,1777,1784,,Barrow and Barton on Humber,2,1777,1781,2
716,William Harrison,1820,1820,,Barrow and Barton,1,1820,1820,1
717,Thomas Harrys,1478,1480,London,London,6,1478,1480,6
718,John Harvey,1786,1832,,Hayle,2,1790,1820,2
720,William Hasylwood,1494,1509,Wokingham,Wokingham and Reading,10,1494,1509,10
721,Joseph Hatch,1601,1639,Kent,Ulcombe,132,1602,1638,69
722,Thomas Hatch,1585,1600,Kent,Ulcombe,1,1599,1599,1
723,William Hatch,1639,1664,Kent,Ulcombe,21,1639,1663,17
724,Philip Hatherell,1736,1736,London,London,1,1736,1736,1
725,William Haulsey,1615,1629,,"St Ives, Cambridge",31,1617,1628,20
726,A Havard,1881,1881,,,5,1872,1883,4
1358,Cornille Havard,,,,"Villedieu-les-Poêles-Rouffigny, France",1,1910,1910,1
1399,L Haverkamp,,,,"Hoorn, Netherlands",1,1785,1785,1
727,Peter Hawkes,1608,1612,,Essex,3,1608,1612,3
1422,S Hayton,,,,Carlisle,1,1833,1833,1
728,Simon de Hazfelde,1353,1373,London,London?,2,1360,1360,2
736,Heathcote (generic),,,Chesterfield,Chesterfield,8,1515,1610,6
1367,G & R Heathcote,,,,Chesterfield,2,1540,1560,2
729,George Heathcote,1525,1558,Chesterfield,Chesterfield,15,1540,1599,13
730,Godfrey Heathcote,1582,1620,Chesterfield,Chesterfield,11,1550,1620,10
731,Paul Heathcote,1617,1619,Chesterfield,Chesterfield,2,1617,1617,2
1368,Ralph Heathcote (generic),,,,Chesterfield,1,1570,1570,1
732,Ralph I Heathcote,1510,1525,Chesterfield,Chesterfield,6,1510,1520,5
733,Ralph II Heathcote,1558,1577,Chesterfield,Chesterfield,6,1560,1570,6
735,Thomas II Heathcote,1623,1623,Chesterfield,,1,1623,1623,1
737,Daniel Hedderly,1703,1764,Nottingham,"Hanbury, Bawtry, Lincoln",142,1704,1759,83
738,Daniel and Thomas Hedderly,1744,1744,Nottingham,Nottingham,6,1744,1744,1
739,George Hedderly,1785,1793,Nottingham,Nottingham,16,1785,1793,13
740,John Hedderly,1726,1733,,Bawtry,2,1733,1733,1
741,Thomas I Hedderly,1741,1778,Nottingham,Nottingham,84,1741,1778,63
742,Thomas II Hedderly,1778,1784,Nottingham,Nottingham,26,1778,1784,18
744,Edward Hemins,1728,1743,,Bicester,26,1728,1743,17
745,Robert Hendley,1480,1500,,Gloucester,31,1449,1500,27
747,Thomas Hey,1350,1375,West Country,Montacute,6,1350,1399,6
1355,B Hick,,,,,1,1865,1865,1
749,Matthew Higby & Co,2014,,West Country,Holcombe,60,2015,2022,15
750,John Higden,1616,1652,,"Hants, Sussex",21,1619,1652,17
751,Jonas Hill,1785,1785,Bristol,Bristol,1,1785,1785,1
752,Joanna (or Johanna) Hille,1440,1441,London,Aldgate,10,1420,1445,8
753,Richard Hille,1423,1440,London,Aldgate,15,1420,1440,14
229,Thomas Hilton,1774,1810,,Wath,20,1777,1810,15
1383,James S Hobbs,,,,"Lane End, Bucks",1,1830,1830,1
754,Thomas Hodges,1837,1865,Non UK,Dublin,17,1851,1856,6
756,John Hodson & William Whitmore,1647,1657,,,2,1653,1653,1
144,John Hodson & William Hull,1657,1672,,,5,1663,1671,5
27,Christopher Hodson,1669,1696,,"London, SMaryCray, Newcastle",40,1679,1694,21
120,John Hodson,1653,1693,London,London,93,1653,1692,54
755,John & Christopher Hodson,1673,1678,,,13,1672,1678,10
757,Richard Holdfield,1595,1612,,Cambridge,23,1595,1612,17
1366,G Horner,,,,Stockholm,1,1801,1801,1
760,John Hose,1352,1366,Leicester,Leicester,1,1350,1350,1
761,John Hoton,1454,1476,York,York,31,1420,1499,25
763,William Houldury,1691,1691,,?,1,1691,1691,1
1403,Martin Huard,,,,"Jersey, Channel Islands",1,1656,1656,1
765,Ellis Hughes,1685,1700,,Shrewsbury,2,1697,1697,1
766,John Hull,1683,1687,Kent,South Malling,1,1687,1687,1
266,William Hull,1654,1687,Kent,"London, South Malling",17,1666,1687,14
1376,Hulse of Manchester,,,,Manchester,1,,,1
767,William Hunneman,1695,1707,,(Sussex),1,1695,1695,1
768,John Hunt,1825,1826,,Cholsey,3,1825,1826,2
769,William Huntbatch,1687,1694,Worcester,Worcester,9,1687,1693,3
770,Paul Hutton,1616,1647,,Congleton,17,1620,1647,10
771,I B (of Gloucester),1580,1608,,Gloucester,1,1590,1590,1
773,I B (of York),1400,1410,York,York,7,1400,1410,5
774,I C,1687,1698,Bristol,Bristol,1,1694,1694,1
775,I F (? John Fathers),,,,Montacute,1,1655,1655,1
1473,I P  (not Pennington),,,,,1,1627,1627,1
776,I R,1664,1676,,(unknown),3,1631,1664,3
778,I S (Gloucester),1301,1399,,Gloucester,4,1350,1500,4
779,I T,1440,1450,,Exeter,38,1440,1499,29
780,Thomas Innocent,1445,1483,Leicester,Leicester,1,1466,1466,1
781,Thomas Jall,,,,,2,1505,1507,2
150,Llewellins & James,1854,1940,Bristol C19th,Bristol,439,1850,1940,242
782,Thomas Janaway,1762,1788,,Chelsea,65,1763,1788,23
96,Jefferies & Price,1832,1854,Bristol C19th,Bristol,46,1654,1854,36
1446,Thomas Jefferies,,,,Hull,1,1520,1520,1
783,William Jefferies,1815,1837,Bristol C19th,Bristol,14,1815,1839,7
784,W Jeffreys,1806,1806,Bristol C19th,Bristol,1,1806,1806,1
785,Henry Jeffries,1540,1555,Bristol,Bristol,14,1540,1599,12
786,Johannes de Stafford,1338,1371,Leicester,Leicester,22,1350,1400,22
787,Johannes de York,1370,1425,Leicester,Leicester,13,1370,1425,12
62,Gillett & Johnston,1887,1955,Gillett,Croydon,2566,1890,1957,687
10,Arthur A Jopp,1980,1987,,Stoulton,1,1986,1986,1
788,Henry Jordan,1442,1465,London,London,5,1450,1499,5
789,John Kebyll,1460,1480,London,London,33,1460,1499,25
796,James Keene & Edward Newcombe,,,,,1,1619,1619,1
790,Henry Keene,1652,1652,,,1,1652,1652,1
791,Humphrey Keene,1626,1652,,Glos,1,1630,1630,1
792,Humphrey & James Keene,1626,1640,,Woodstock,4,1640,1640,1
793,James Keene,1612,1654,,"Bedford, Woodstock",107,1618,1654,77
794,James and Richard Keene,1652,1652,,,2,1652,1652,1
795,Richard Keene,1654,1703,,"Woodstock, Royston",160,1636,1703,92
798,Richard Kerner,1500,1505,Kent,Canterbury,2,1500,1500,2
801,Edwin Kingston,1831,1832,West Country,Bridgwater,1,1831,1831,1
802,Isaac Kingston,1801,1803,West Country,Bridgwater,2,1801,1801,2
803,John Kingston,1798,1833,West Country,Bridgwater,41,1815,1829,31
806,Joshua Kipling,1724,1745,,Portsmouth,11,1737,1742,5
807,John de Kirkham,1348,1390,York,York,11,1350,1399,10
810,Ellis & Francis Knight,1647,1656,Reading,Reading,4,1647,1654,3
1364,Ellis & William Knight,,,,Reading,2,1652,1652,1
808,Ellis I Knight,1623,1658,Reading,Reading,181,1623,1657,102
811,"Ellis I, Francis & Henry II Knight",1651,1651,Reading,Reading,1,1651,1651,1
809,Ellis II Knight,1672,1684,Reading,Reading,2,1683,1684,2
812,Ellis II & Henry III Knight,1656,1677,Reading,Reading,26,1656,1677,20
813,"Ellis II, Francis & Henry III Knight",1656,1658,Reading,Reading,4,1656,1658,1
815,Henry I Knight,1587,1622,Reading,Reading,100,1587,1622,66
816,Henry II Knight,1651,1672,Reading,Reading,52,1653,1672,38
817,Henry III Knight,1672,1682,Reading,Reading,7,1672,1681,6
212,Samuel Knight,1681,1739,Reading,"Reading, London",129,1683,1739,65
820,Thomas & William Knight,,,West Country,Closworth,1,1709,1709,1
819,Thomas Knight (of Closworth),1692,1715,West Country,Closworth,11,1692,1712,10
818,Thomas Knight (of Reading),1666,1700,Reading,Reading,1,1700,1700,1
823,William Knight,1709,1747,West Country,Closworth,55,1570,1747,38
822,William II Knight,1536,1587,Reading,Reading,10,1560,1586,9
1456,William Lambert,,,,London,1,1638,1638,1
828,W Land & T Draper,1574,1584,,Thetford,4,1574,1584,4
827,William II Land,1612,1637,London,London,14,1613,1637,12
829,Roger Landen,1448,1484,Wokingham,Wokingham,23,1448,1550,20
830,John Langhorne,1379,1406,London,London,15,1380,1406,13
831,J & W Langshaw,1654,1673,,Carlisle,3,1657,1673,2
834,Thomas Lawrence,1523,1545,Norwich,"London, Norwich",9,1515,1540,9
835,Alfred Silva Lawson,1884,1904,Whitechapel,Whitechapel,3,1884,1884,1
837,George Lee,1580,1618,,Congleton,10,1590,1616,7
838,John Lee,1732,1775,,Newcastle upon Tyne,11,1732,1775,11
839,Lees & Wright,1608,1608,,Carlisle,1,1608,1608,1
840,Leicester foundry,,,Leicester,Leicester,34,1380,1616,31
1394,John de Lenne,,,,King's Lynn,1,1320,1320,1
1445,Thomas de Lenne,,,,King's Lynn,1,1320,1320,1
841,"Lester, Pack & Chapman",1769,1776,Whitechapel,Whitechapel,12,1769,1771,6
233,Thomas Lester,1735,1752,Whitechapel,Whitechapel,78,1739,1752,54
843,Thomas C Lewis,1877,1888,London,Brixton,41,1878,1888,17
1464,Local founder (generic),,,,,8,1399,1971,7
844,London ('Balcombe shield'),1400,1599,,,32,1425,1499,27
845,London Bellmakers' Guild,1410,1420,London,London,3,1418,1418,2
846,London foundry,,,,,51,1300,1550,44
848,Edward Lott,1711,1718,West Country,Warminster,1,1711,1711,1
849,John I Lott,1624,1663,West Country,Warminster,38,1624,1662,28
850,John II Lott,1663,1691,West Country,Warminster,13,1667,1684,12
851,Richard Lott,1699,1707,West Country,Warminster,1,1703,1703,1
1400,Louison,,,,"Toulouse, France",1,1867,1867,1
856,Joseph Ludlam,1750,1761,,Rotherham,12,1755,1761,5
857,John Lulham,1649,1651,,Chiddingly,1,1649,1649,1
861,Lynn foundry,,,King's Lynn,King's Lynn,5,1350,1399,5
858,Edmund de Lynn,1353,1417,King's Lynn,King's Lynn,1,1330,1330,1
859,John de Lynn,1299,1340,King's Lynn,King's Lynn,2,1299,1299,2
860,Thomas de Lynn,1320,1335,King's Lynn,King's Lynn,4,1320,1380,3
863,John Magges,1437,1470,Norwich,Norwich,43,1430,1499,33
1336,Mallaby & Son,1914,1914,,,2,1914,1914,2
864,John Mallett,,,,Dublin,1,1821,1821,1
865,Joseph Mallows,1750,1760,,East Dereham,26,1750,1760,13
866,Stephen March,1707,1710,,unknown ? Closworth ?,2,1707,1710,2
867,Marquet,1828,1828,Non UK,Villedieu,2,1828,1828,2
868,Henry Marshall,1824,,,Newcastle upon Tyne,2,1824,1824,2
870,C Martin,1843,1843,,Guernsey,1,1843,1843,1
1396,John Martin (generic),,,,Worcester,3,1672,1680,3
871,John I Martin,1644,1660,Worcester,Worcester,42,1638,1660,32
872,John II Martin,1661,1693,Worcester,Worcester,91,1661,1693,64
873,William Mason,1736,1747,,Carlisle,1,1741,1741,1
1516,Matthew O'Byrne,,,,,1,1915,1915,1
875,Robert Maxwell,1711,1728,,Edinburgh,3,1711,1723,3
877,Henry McShane & Co,,,Non UK,"Baltimore, MD, USA",10,1890,1890,1
884,G Mears & Co,1858,1873,Whitechapel,Whitechapel,256,1855,1866,138
886,Thomas Mears & Son,1805,1810,Whitechapel,Whitechapel,162,1805,1810,74
879,Charles & George Mears,1843,1861,Whitechapel,Whitechapel,1206,1841,1868,652
73,George Mears,1844,1865,Whitechapel,Whitechapel,196,1850,1865,93
1461,Thomas Mears (generic),,,Whitechapel,"Whitechapel, Middx",4,1791,1827,4
881,Thomas I Mears,1787,1806,Whitechapel,Whitechapel,277,1778,1812,160
236,Thomas II Mears,1806,1844,Whitechapel,"Whitechapel, Gloucester",1745,1798,1899,928
882,William Mears,1777,1791,Whitechapel,Whitechapel,63,1777,1787,25
883,William & Thomas Mears,1787,1791,Whitechapel,Whitechapel,52,1787,1794,27
160,"Meeks, Watson & Co",1991,,Non UK,"Georgetown, OH, USA",2,2015,2015,1
887,John Meikle,1688,1702,,Edinburgh,1,1688,1688,1
891,Mellours (generic),,,Nottingham,Nottingham,56,1499,1550,50
889,Richard Mellours,1470,1508,Nottingham,Nottingham,22,1480,1520,22
890,Robert Mellours,1508,1525,Nottingham,Nottingham,7,1510,1522,6
893,Meneely (Troy),1871,1951,Non UK,Troy,9,1900,1929,3
894,Meneely (Watervliet),1826,1950,Non UK,West Troy (later Watervliet),2,1846,1890,2
895,Meneely (West Troy),1839,1951,Non UK,"West Troy, NY, USA",11,1865,1928,2
896,Robert Merston,1450,1500,,Alford,5,1470,1499,4
897,Michael de Lichfield,1280,1280,,Lichfield,6,1320,1499,5
898,Samuel Midworth,1811,1851,,Mansfield,5,1811,1843,5
900,John Mills & Sons,1864,1868,,Newcastle upon Tyne,3,1864,1868,3
88,Hayward Mills Associates,2000,2009,,Nottingham,33,1999,2009,19
901,Foulk Mitchell,1500,1554,Wokingham,Wokingham,3,1530,1530,1
902,John Mitchell,1483,1494,Wokingham,Wokingham,2,1490,1493,2
905,James Moon,1869,1869,,Barnstaple,1,1869,1869,1
906,"Moore, Holmes & Mackenzie",1879,1885,,Redenhall,35,1878,1883,14
907,Robert Mot,1570,1606,Whitechapel,"Houndsditch, Whitechapel",49,1572,1604,38
1412,Robert Mot predecessor,,,,,3,1567,1575,3
127,John Murphy,1843,1875,Non UK,Dublin,44,1844,1877,14
909,John J Murphy,1875,1900,Non UK,Dublin,3,1877,1877,1
910,"Naylor, Vickers & Co",1855,1874,,Sheffield,162,1856,1899,99
911,Edward Neale,1641,1685,Burford,Burford,41,1641,1685,33
912,Henry Neale,1627,1640,Burford,"Somerford Keynes, Burford",10,1627,1649,8
920,Robert III Newcombe & Bartholomew Atton,1585,1590,,Buckingham,1,1585,1585,1
921,Newcombe & Watts,,,Leicester,,21,1561,1609,17
922,Newcombe (generic),,,Leicester,Leicester,127,1550,1618,109
914,Edward Newcombe,1570,1616,Leicester,"Bedford, Leicester",25,1580,1619,21
915,Robert I Newcombe,1520,1560,Leicester,Leicester,20,1520,1598,18
916,Robert II Newcombe,1580,1591,Leicester,,3,1585,1585,2
917,"Robert III, Thomas III & Wm Newcombe",1602,1612,Leicester,Leicester,16,1602,1612,11
1476,Thomas Newcombe (generic),,,Leicester,Leicester,1,1600,1600,1
918,Thomas I Newcombe,1506,1520,Leicester,,10,1510,1599,10
919,Thomas II Newcombe,1562,1580,Leicester,Leicester,30,1550,1580,26
923,Charles Newman,1684,1709,Norwich,Norwich,65,1686,1710,52
924,Thomas Newman,1699,1745,Norwich,"Cambridge, Norwich",219,1702,1745,132
926,Newton & Heanes,1859,1859,Bristol C19th,Bristol,5,1859,1861,3
927,Samuel Newton & John Peele,1703,1705,London,London,3,1703,1705,3
925,Samuel Newton,1690,1716,London,London,1,1701,1701,1
1406,Nicholson & Co,,,,Carlisle,1,1813,1813,1
930,Richard Nicholson,1590,1590,,Cambridge,2,1590,1590,2
1466,Non UK (generic),,,,Outside UK,3,1369,1899,3
933,William Noone,1678,1731,Nottingham,Nottingham,116,1678,1731,89
934,Matthew Norris,1596,1597,,"Stamford, & it",2,1597,1597,2
935,Thomas Norris,1626,1678,,Stamford,139,1616,1678,102
936,Tobias I Norris,1603,1626,,Stamford,80,1603,1626,67
937,Tobias III Norris,1662,1699,,Stamford,78,1662,1699,55
938,Robert Norton,1435,1499,West Country,Exeter,24,1420,1499,24
939,Stephen Norton,1362,1381,London,London,5,1370,1380,5
1428,Stephen Norton successor,,,,,1,1400,1400,1
941,Norwich foundry,,,Norwich,,17,1399,1634,14
940,William de Norwich,1375,1385,Norwich,Norwich,4,1380,1399,3
1443,William de Norwyco,,,,Norwich,7,1380,1499,6
942,Nottingham foundry,,,Nottingham,Nottingham,37,1399,1799,35
943,James Oatey,1830,,,Hayle,2,1830,1830,1
1397,John Oaty,,,,,1,1830,1830,1
960,William Oldfield (of Bradford),1600,1636,,poss Bradford,66,1600,1637,62
961,William Oldfield (of Canterbury),1538,1561,Kent,Canterbury,5,1540,1561,5
962,William Oldfield (of York),1633,1641,York,,1,1633,1633,1
1485,George I Oldfield and Paul Hutton,1620,1647,,Nottingham and Congleton,2,1622,1622,2
1486,Henry I Oldfield and Robert Quernbie,1570,1589,,Nottingham,1,1589,1589,1
947,George I Oldfield,1620,1678,Nottingham,Nottingham,256,1620,1677,189
948,George III Oldfield,1732,1741,Nottingham,Nottingham,5,1736,1738,4
949,Henry I Oldfield,1539,1589,Nottingham,Nottingham,36,1540,1589,31
950,Henry II Oldfield,1590,1620,Nottingham,Nottingham,275,1582,1620,196
951,Henry III Oldfield,1620,1629,Nottingham,Nottingham & ? Walsall,6,1621,1628,6
952,Hugh Oldfield,1665,1672,Nottingham,"Nottingham, Doncaster",2,1664,1669,2
953,Richard Oldfield,1605,1640,,"Ludlow, and itinerant",12,1605,1637,10
954,Robert Oldfield,1604,1640,,Hertford,72,1605,1640,45
958,William I Oldfield,1607,1652,,Doncaster,65,1609,1652,55
959,William II Oldfield,1652,1666,,Doncaster,6,1630,1656,5
963,C & J Oliver,1810,1845,London,Bethnal Green,3,1843,1845,2
964,Olovyanishnikova,,,Non UK,"Yaroslav, Russia",2,,,2
965,Robert Orrell,1586,1621,,Wigan,6,1588,1621,5
966,Osborn & Arnold,1772,1778,,St Neots,19,1773,1778,11
967,Osborn & Dobson,1803,1806,,,18,1803,1808,6
238,Thomas Osborn,1779,1806,,"St Neots, Downham Market",260,1779,1802,101
970,Cornelius Ouderogge,1637,1672,Non UK,Rotterdam,1,1657,1657,1
971,John Owen,1538,1553,London,London,1,1553,1553,1
973,Samuel Owen,1596,1600,London,London,2,1596,1600,2
974,P & Co,1774,1774,,? South Normanton ?,1,1774,1774,1
975,P W,1350,1350,,,2,1350,1370,2
976,G & F Paccard,1796,1953,Non UK,"Annecy, France",12,1891,1953,5
152,Lester & Pack,1752,1769,Whitechapel,Whitechapel,323,1752,1769,178
978,John Packer,1692,1705,Bristol,Bristol,3,1692,1711,3
1450,William Packer (Newcastle),,,,Newcastle-upon-Tyne,1,1729,1729,1
980,John Palmar (Canterbury),1635,1656,Kent,Canterbury,14,1637,1656,10
979,John Palmer (Gloucester),1621,1677,,Gloucester,1,1621,1621,1
981,Thomas Palmer,1641,1676,Kent,Canterbury,13,1650,1670,9
982,Thomas II Palmer,1676,1676,Kent,Canterbury,1,1676,1676,1
987,Charles Pannell & Co,1820,1856,West Country,Cullompton,20,1847,1855,8
1409,Pannell (generic),,,,Cullompton,2,1838,1838,2
1384,J Pannell,,,,,2,1828,1828,2
1433,T Pannell,,,,,1,1845,1845,1
1442,W Pannell & Son,,,,,1,1835,1835,1
985,William Pannell,1820,1851,West Country,"Cullompton, Exeter",12,1821,1843,12
986,William & Charles Pannell,1828,1841,West Country,Cullompton,13,1828,1846,12
989,Robert Patrick & Jacob Warner,1786,1786,Warner,Cripplegate,6,1786,1786,1
990,Patrick & Osborn,1782,1782,London,London,15,1782,1782,2
988,Robert Patrick,1782,1787,London,London,13,1783,1786,6
991,John Peele,1703,1708,London,London,1,1703,1703,1
992,Aaron Peever,1724,1746,Non UK,Kirkoswold,5,1724,1746,4
994,Henry Penn,1703,1729,,Peterborough,128,1700,1729,74
1025,"J III, C IV & W Pennington & Co",1769,1781,Pennington,Stoke Climsland,208,1769,1781,57
1027,John I [T] Pennington & John Stadler,,,Pennington,,4,1698,1698,1
1028,Thomas III [E] Pennington & John Stadler,,,Pennington,,1,1692,1692,1
1029,John I Pennington ('IP'),1623,1665,Pennington,Monmouth,40,1623,1665,30
1030,John II Pennington ('IP'),1665,1682,Pennington,Monmouth,25,1669,1682,19
1410,Pennington (generic),,,,,2,1693,1700,2
997,C III & J III Pennington,1748,1748,Pennington,Lezant,3,1748,1748,1
998,C IV & J IV Pennington,1789,1797,Pennington,Stoke Climsland,36,1790,1797,12
999,Christopher I Pennington,1668,1689,Pennington,Bodmin,6,1664,1687,6
1000,Christopher II Pennington,1691,1722,Pennington,Lezant,14,1691,1715,6
1003,Christopher II & John II [C] Pennington,,,Pennington,,8,1717,1720,3
1001,Christopher III Pennington,1722,1758,Pennington,Lezant,28,1722,1758,17
1004,Christopher III & John II Pennington,1722,1729,Pennington,Lezant,12,1722,1729,5
1005,Fitzanthony I Pennington,1656,1676,Pennington,Bodmin,3,1656,1658,3
1006,Fitzanthony II Pennington,1756,1768,Pennington,"Stoke Climsland, Lezant",16,1758,1761,5
1007,John I Pennington (of Bodmin),,1660,Pennington,Bodmin,1,1640,1640,1
1012,John I [T] Pennington,1668,1706,Pennington,Tavistock,8,1668,1690,8
1013,John I [T] & II [T] Pennington,,,Pennington,,2,1697,1706,2
1009,John II [C] Pennington,1713,1741,Pennington,Lezant,34,1713,1739,18
1014,John II [T] Pennington,,,Pennington,,1,1709,1709,1
1015,John III & Christopher IV Pennington,1781,1790,Pennington,Stoke Climsland,84,1781,1789,27
1016,John III & Fitzantony II Pennington,1765,1767,Pennington,Lezant,19,1765,1767,8
1017,John III [C] Pennington,,,Pennington,,2,1770,1771,2
1010,John IV Pennington,1766,1823,Pennington,Stoke Climsland,49,1799,1819,25
1008,John [E] Pennington,1648,1690,Pennington,Exeter,32,1648,1667,27
1018,Robert Pennington,1622,1637,Pennington,Bodmin,9,1622,1639,7
1022,Thomas & John I [T] Pennington,1653,1669,Pennington,Tavistock,5,1658,1669,5
1019,Thomas I Pennington,1607,1620,Pennington,Barnstaple,11,1607,1620,9
1020,Thomas II Pennington,1620,1642,Pennington,Exeter,59,1620,1642,44
1021,Thomas III Pennington,1669,1720,Pennington,Exeter,30,1669,1716,23
1023,Thomas[T] & John[E] Pennington,,,Pennington,,2,1653,1654,2
1024,William Pennington,1740,1781,Pennington,Stoke Climsland,2,1741,1741,1
1031,Penningtons,1762,1768,Pennington,"Lezant, Stoke Climsland",53,1762,1768,17
186,Petter,1872,1872,West Country,Yeovil,1,1872,1872,1
1032,J G Pfeifer,1910,1910,Non UK,Kaiserslautern,1,1910,1910,1
1033,Richard Phelps & Thomas Lester,1735,1738,Whitechapel,Whitechapel,10,1736,1738,4
202,Richard Phelps,1700,1738,Whitechapel,Whitechapel,204,1700,1737,108
1034,Richard Phillips,1698,1701,,Pembroke,1,1701,1701,1
1411,Phoenix Foundry,,,,Lancaster,3,1863,1873,3
1402,M C Picard,,,,,1,1633,1633,1
1037,Henry Pinker,1494,1498,Salisbury,Salisbury,1,1497,1497,1
1038,Jacques Pitel,1754,1754,,"St Helier, Jersey",1,1754,1754,1
1039,Henry Pleasant,1691,1707,,Sudbury,61,1692,1707,44
1370,George Poole,,,,"Yetminster, Dorset",1,1577,1577,1
1040,John &/or George Poole,1557,1584,,Yetminster,3,1580,1584,3
1417,Ralph Porter,,,,,1,1607,1607,1
1044,J Potter successor (?? IB ??),1420,1420,York,York,5,1400,1420,5
1041,Adam le Potter,1280,1310,London,London,1,1300,1300,1
1042,John Potter,1359,1397,York,York,38,1370,1410,31
1408,Paul le Potter,,,,London,1,1300,1300,1
1043,Thomas Potter,,,Norwich,Norwich,14,1400,1428,14
1491,Walter le Potter,,,,,1,1270,1270,1
1045,William Powdrell,1434,1440,London,London,1,1440,1440,1
1413,Preston & Ross,,,,Liverpool,2,1846,1846,2
1375,Henry R Preston,1841,1845,,Liverpool,1,1841,1841,1
1046,William Preston,1555,1595,West Country,Crediton,2,1550,1595,2
1064,William III Purdue & 'I A',1660,1660,Purdue,,1,1660,1660,1
1065,Roger I Purdue & Nathaniel Bolter,1632,1637,Purdue,,1,1632,1632,1
1066,William III Purdue & Nathaniel Bolter,1656,1657,Purdue,,8,1656,1657,4
1067,Thomas Purdue & Thomas Knight,1692,1709,Purdue,,8,1693,1707,5
1068,Purdue (generic),,,Purdue,,7,1569,1680,6
1070,Roger II Purdue and W&T Covey,,,Purdue,,1,1677,1677,1
1071,William III Purdue and W&T Covey,,,Purdue,,1,1660,1660,1
1069,Roger II Purdue and William Covey,,,Purdue,,2,1676,1677,2
1047,George Purdue,1598,1623,Purdue,Taunton,51,1599,1623,38
1048,George & William II Purdue,,,Purdue,,1,1615,1615,1
1049,George I & Richard I Purdue,1614,1614,Purdue,Taunton,1,1614,1614,1
1050,John Purdue,1673,1673,Purdue,,3,1666,1673,3
1051,Richard I Purdue,1598,1640,Purdue,"Glastonbury, Stoford, etc",64,1600,1640,58
1052,Richard I & Roger I Purdue,1630,1630,Purdue,,3,1630,1630,2
1053,Richard I & William III Purdue,1630,1638,Purdue,,1,1633,1633,1
1475,Richard or Roger Purdue,,,Purdue,,1,1617,1617,1
203,Roger I Purdue,1605,1641,Purdue,Bristol,119,1606,1641,67
1054,Roger II Purdue,1649,1688,Purdue,"Bristol, Chichester, Salisbury",13,1658,1684,10
1055,Roger II & Richard III Purdue,1681,1684,Purdue,Bristol,3,1681,1684,3
1056,Thomas Purdue,1647,1709,Purdue,Closworth,107,1647,1698,88
1449,W & R Purdue,,,Purdue,,2,1654,1665,2
1057,William I Purdue,1572,1584,Purdue,Closworth,10,1563,1607,10
1058,William II Purdue,1596,1615,Purdue,"Bristol, Salisbury, Chichester",10,1596,1615,10
1059,William III Purdue,1633,1673,Purdue,"Salisbury, Bristol, etc",60,1637,1669,50
1060,William III & Richard II Purdue,1649,1663,Purdue,Bristol,34,1649,1663,16
1061,William III & Roger II Purdue,1633,1673,Purdue,"Salisbury,etc",13,1664,1669,9
1062,William III & Thomas Purdue,1652,1653,Purdue,Salisbury,5,1652,1653,4
1455,William III Purdue and Francis Foster,,,Purdue,,1,1655,1655,1
1063,"William III, Roger II, and John Purdue",1670,1670,Purdue,Salisbury etc,2,1670,1670,1
1072,Thomas Pyke,1775,1792,West Country,Bridgwater,17,1776,1792,13
1076,Quernby & Oldfield,1593,1593,Nottingham,Nottingham,3,1593,1593,2
1077,R (possibly R W),1360,1370,,Winchester (possibly),3,1350,1360,3
1078,R B (Chesterfield),1500,1500,,,1,1500,1500,1
1079,R B (Nottingham),1560,1593,,,5,1570,1593,5
1080,R B (of Hants),1571,1624,,(Hants),3,1601,1611,2
1081,R B (of York),1593,1593,York,York,2,1593,1593,1
1082,R C,1450,1450,Nottingham,Nottingham,39,1370,1550,30
1083,R G,1579,1585,Norwich,Norwich,3,1579,1583,3
1084,R M,,,,,1,1699,1699,1
1492,S R,,,,Wigan,1,1790,1790,1
1472,"R, Unknown",,,,,1,1350,1350,1
1085,Ransomes & Sims,1853,1853,,Ipswich,1,1853,1853,1
1467,Raskelf group,,,,,3,1550,1550,3
1086,As Raskelf,,,,,1,1599,1599,1
1087,Edward Read,1751,1753,Aldbourne,Aldbourne,6,1751,1753,4
1088,Reading foundry,,,,,18,1500,1699,16
1091,Giles Reve,1584,1592,Kent,Kent,5,1588,1592,5
1092,Roger Reve,1527,1533,Bury St Edmunds,Bury St Edmunds,14,1527,1533,10
1094,William Revel,1350,1360,London,London,6,1350,1356,5
1369,George T Richardson,,,,York,1,1811,1811,1
1097,Job Rider,1807,1833,,Belfast,1,1832,1832,1
1098,Robert Rider,1351,1386,,Cornhill,4,1360,1370,4
1099,Alexander Rigby,1679,1708,,Stamford,29,1679,1707,16
1100,John Riston,1299,,King's Lynn,King's Lynn,1,1320,1320,1
1101,Thomas Roberts,1677,1700,,Shrewsbury,32,1677,1700,23
1102,I Robinson,1787,,,Penrith,1,1787,1787,1
1103,Richard Rock,1753,1760,,Closworth,1,1753,1753,1
1106,ROS,1410,1499,,,8,1380,1499,6
1108,Thomas Roskelly,1750,1768,,Closworth,6,1750,1758,6
1110,Alan Rous(e),1350,1361,,,3,1355,1355,1
1405,Nicholas Rous,,,,London,3,1348,1350,2
1507,A Rouse,,,,,1,1350,1350,1
195,Rudhall (generic),,,,Gloucester,2,1799,1799,2
1111,Abel Rudhall,1736,1760,Rudhall,Gloucester,516,1734,1760,218
1112,Abraham I Rudhall,1679,1718,Rudhall,Gloucester,705,1684,1718,276
1113,Abraham II Rudhall,1718,1735,Rudhall,Gloucester,730,1700,1735,244
1115,Charles & John Rudhall,1783,1787,Rudhall,Gloucester,36,1781,1787,19
1116,John Rudhall,1783,1835,Rudhall,Gloucester,388,1773,1835,216
1117,Thomas Rudhall,1760,1783,Rudhall,Gloucester,352,1760,1783,161
1120,Rufford predecessor,,1350,,,1,1320,1320,1
1118,John Rufford,1350,1380,,Toddington,26,1348,1399,24
1119,William Rufford,1380,1400,,Toddington,11,1380,1400,10
1122,Robert Russell,1450,1500,West Country,Exeter,11,1470,1499,7
1123,Thomas Russell,1712,1743,,Wootton,39,1712,1743,28
1124,Thomas & William Russell,,,,,1,1736,1736,1
1127,Thomas Safford,1806,1828,,Cambridge,2,1825,1828,2
1128,Salisbury foundry,1380,1550,Salisbury,Salisbury,121,1350,1599,102
1129,Richard Sanders,1703,1738,,"Bromsgrove, & it",71,1703,1738,39
1130,Sandre,1320,1320,,Gloucester,2,1320,1350,2
1131,"Sandys, Vivian, & Co",1852,,,Hayle,1,1852,1852,1
1132,Sarum,1400,1499,Salisbury,Salisbury,3,1420,1490,2
1133,John Saunders,1539,1559,Reading,Reading,20,1400,1599,20
1398,John Savery,,,,Taunton,1,1856,1856,1
1134,R Savery,1837,1839,West Country,Taunton,1,1838,1838,1
1135,William Savill,1751,1777,London,London,2,1757,1777,2
1136,William Schep,1347,1349,London,London,1,1345,1345,1
1138,John Scott,1646,1664,Wigan,Wigan,13,1647,1663,8
1139,William Scott,1665,1710,Wigan,Wigan,12,1665,1710,9
1426,Seaton & Co,,,,,1,1804,1804,1
1144,Seliok (generic),1499,1599,Nottingham,Nottingham,65,1499,1599,56
1141,John Seliok,1470,1507,Nottingham,Nottingham,25,1470,1520,21
1142,Richard I Seliok,1507,1523,Nottingham,Nottingham,9,1500,1530,7
1143,Richard II Seliok,1523,1548,Nottingham,Nottingham,9,1524,1540,8
1148,William Seller & Humphrey Wilkinson,1682,1688,,,11,1682,1688,8
1363,Edward Seller (generic),,,,York,1,,,1
1145,Edward I Seller,1699,1723,York,York,17,1710,1723,17
1146,Edward II Seller,1725,1763,York,York,64,1726,1763,46
1147,William Seller,1635,1688,York,York,33,1662,1688,30
1149,Roger Semson,1550,1599,,Ash Priors,24,1550,1599,23
1150,Simon Severey ('Crostwight Group'),1440,1454,,London; Norfolk,18,1450,1499,17
1151,A Seward,1875,,,Lancaster,2,1877,1877,2
1152,S Seymour,1850,1850,,Aylesbury,1,1850,1850,1
1154,Shaftesbury foundry,,,,Dorset,9,1399,1499,7
1155,"James Shaw, Son & Co",1873,1908,,Bradford,24,1873,1908,16
1157,Thomas Sheridan & Co,1859,1888,Non UK,Dublin,2,1883,1883,2
1156,James Sheridan,1838,1859,Non UK,Dublin,1,1859,1859,1
1158,William Silisden,1300,1399,King's Lynn,King's Lynn,3,1399,1399,1
1427,Singleton & Tennant,,,,"Leeds, Yorks",2,1840,1856,2
1160,John Sleyt,1380,1400,,,4,1399,1399,4
1171,Abraham Smith & William Curedon,1652,1662,,,5,1652,1662,5
1172,James Smith and William Cuerdon,,,York,York,1,1658,1658,1
1479,Smith badge,,,,,1,1663,1663,1
1161,Abraham Smith,1637,1670,York,York,37,1637,1670,35
1162,Gabriel Smith,1710,1710,York,York,2,1710,1710,1
1163,J Smith,1875,1875,,Derby,1,1875,1875,1
1378,J & E Smith,,,,Chesterfield,3,1787,1804,3
133,James Smith,,,,,2,1656,1665,2
1165,James Smith (of Closworth),1762,1767,,Closworth,2,1764,1767,2
1164,James Smith (of York),1656,1671,York,York,5,1659,1666,4
1166,John Smith,1420,1435,,Louth,13,1400,1435,9
1167,Joseph Smith,1701,1735,,Edgbaston,90,1703,1735,43
1168,Samuel I Smith,1662,1709,York,York,189,1662,1717,141
1169,Samuel II Smith,1693,1731,York,York,84,1699,1731,66
1174,? Somercotes,1420,1440,,,2,1420,1430,2
1175,Caleb Squire,1840,1846,West Country,Buckland Brewer,3,1840,1846,3
1176,John Stadler,1693,1719,West Country,Chulmleigh,13,1693,1719,10
1177,Thomas Stafford,1630,1653,,Penrith,3,1631,1653,2
1178,Staffordshire founder,1350,1400,,,5,1399,1400,4
159,Mears & Stainbank,1865,1968,Whitechapel,Whitechapel,5934,1849,1973,2215
204,Robert Stainbank,1861,1883,Whitechapel,Whitechapel,68,1867,1869,28
1180,John Stares,1744,1746,Aldbourne,Aldbourne,8,1744,1746,4
1181,John Stephens,1717,1727,Norwich,Norwich,47,1717,1727,34
1182,John Stevenson,1810,1847,,Preston,2,1810,1841,2
1184,Ivan Kahn Stodorok,,,Non UK,Russia,1,,,1
1186,Thomas Stone,1600,1650,,it: S Wales,7,1614,1647,7
1187,Johanna Sturdy,1458,1461,London,London,10,1450,1461,8
1188,John Sturdy,1440,1458,London,London,20,1440,1499,18
1435,Thomas Sturton,,,,,1,1673,1673,1
1189,Thomas Swain,1751,1781,,Longford,30,1752,1781,15
1190,Stephen Swan,1609,1614,Kent,(Kent),4,1609,1614,4
1191,John Swayn & Richard Lynn,1470,1470,,unknown,1,1470,1470,1
1192,T P (succ'r to Henry Williams),1738,1740,,Glasbury,1,1740,1740,1
1193,T S,1622,1639,,Gloucester,1,1668,1668,1
1196,Roger Tapsell & Thomas Wakefield,,,,Chichester,1,1621,1621,1
1194,Henry Tapsell,1577,1604,,Sussex,4,1585,1602,4
1195,Roger Tapsell,1600,1633,,West Tarring,8,1606,1633,8
1206,John Taylor & Co (Bellfounders) Ltd,1978,1989,Loughborough,Loughborough,448,1978,1989,192
138,John Taylor & Son,1844,1858,Loughborough,Loughborough,217,1842,1858,97
1207,Robert Taylor & Son,1817,1826,Loughborough,,12,1819,1821,3
1208,John Taylor & Sons,1849,1858,Loughborough,,14,1850,1950,8
1209,Robert Taylor & Sons,1821,1829,Loughborough,"St Neots, Oxford",10,1822,1829,7
1210,John Taylor Bellfounders Ltd,1989,2005,Loughborough,Loughborough,878,1982,2005,319
1199,John Taylor,1825,1849,Loughborough,"Buckland Brewer, Oxf'd, L'boro",139,1823,1935,60
137,John Taylor & Co,1831,,Loughborough,"Loughborough, Leics",12610,1831,2023,3920
1202,Robert Taylor,1786,1830,Loughborough,"St Neots, Oxford",122,1786,1853,66
1203,Robert E Taylor,1848,1856,Loughborough,,1,1850,1850,1
270,W & J Taylor,1821,1854,Loughborough,Oxford,154,1822,1854,70
1205,William Taylor,1843,1854,Loughborough,Oxford,36,1838,1854,27
1211,"Taylors, Eayre & Smith",2005,2009,Loughborough,Loughborough,187,2005,2009,67
1457,William Tench,,,,,1,1871,1871,1
1438,Viel Tetrel,,,,"Villedieu-les-Poeles, France",1,1856,1856,1
1512,Thomas Church or Roger Reve,,,,Bury St Edmunds,1,1520,1520,1
1212,Richard Thomas(formerly 'RT'),1480,1520,Bristol,Bristol,9,1480,1520,9
1214,John Thornton & John Waylett,1712,1712,,,1,1712,1712,1
1213,John Thornton,1708,1720,,Sudbury,28,1708,1720,18
1216,Thomas Thresher & William III Purdue,1641,1641,Salisbury,Salisbury,1,1641,1641,1
1215,Thomas Thresher,1639,1641,Salisbury,Salisbury,2,1639,1640,2
1387,J Tink,,,,,1,1812,1812,1
1424,S Tonks & Co,,,,Wolverhampton,2,1908,1908,2
1220,Stephen II Tonne & W Land,,,Bury St Edmunds,Bury St Edmunds,16,1572,1587,12
1221,J Tonne successor,1550,1550,,,1,1550,1550,1
1217,John Tonne,1522,1542,,"Sussex, Thaxted(it)",23,1520,1542,17
1218,Stephen I Tonne,1544,1546,,Thaxted,4,1544,1546,3
1219,Stephen II Tonne,1559,1587,Bury St Edmunds,Bury St Edmunds,19,1559,1578,15
1423,"Stephen II Tonne, William Land & Thomas Draper",,,,,1,1575,1575,1
1222,Edward Tooke,1671,1679,Norwich,Norwich,32,1671,1679,24
1223,J Torner,1524,1524,,,1,1524,1524,1
1224,Clement I Tosier,1679,1694,Salisbury,Salisbury,7,1681,1692,7
1225,Clement II Tosier,1696,1717,Salisbury,Salisbury,25,1696,1717,23
1226,John I Tosier,1683,1684,Salisbury,Salisbury,2,1683,1684,2
1227,John II Tosier,1715,1728,Salisbury,Salisbury,2,1724,1725,2
1228,William Tosier,1718,1737,Salisbury,Salisbury,14,1718,1732,14
1448,Towler of Foulsham,,,,Foulsham,1,1870,1870,1
1420,Richard Tuck,,,,Salisbury,1,1661,1661,1
1437,Turton & Co,,,,,1,1835,1835,1
1230,Francis Tyler & Thomas Rudhall,1760,1761,Rudhall,Gloucester,7,1760,1761,2
1480,Unidentified (blank),,,,,805,1150,1959,710
1481,Unidentified (inscribed),,,,,47,1254,1850,46
1232,van Bergen,,,Non UK,,8,1977,1977,1
1233,VEEM,,,Non UK,"Canning Vale, WA6155",1,2018,2018,1
1234,Jan Van Venlo,,,Non UK,,2,1441,1447,2
1235,Vickers Sons & Co,1867,1896,,,28,1866,1894,15
1414,Quirinus de Visscher,,,,"Rotterdam, Netherlands",1,1677,1677,1
1237,W K,1624,1640,,,6,1624,1634,5
1357,Cornelis Waghevens,,,,"Mechelen, Belgium",1,1530,1530,1
1338,Pieter Waghevens,1498,1524,Mechelen,"Mechelen, Belgium",1,1506,1506,1
1238,Anthony Wakefield,1591,1605,,Chichester,6,1594,1602,5
1239,Thomas Wakefield,1610,1628,,Chichester,7,1615,1618,5
1240,William Wakefield,1618,1632,Reading,"Reading, Chichester",2,1618,1625,2
1241,John Wald,1427,1440,York,York,2,1390,1430,2
1242,Thomas del Wald,,1391,Non UK,,10,1370,1399,9
1245,Walker & Co,1760,1762,,Rotherham,1,1762,1762,1
1246,Joseph (?) Walker & Thomas Hilton,,,,Rotherham,4,1784,1784,2
1247,Aaron Walker and Joseph Ludlam,1750,1750,,Rotherham,3,1750,1750,2
1243,? Walker,1822,1899,,Chester,1,1899,1899,1
1249,John Wallis & John Dawton,1624,1624,Salisbury,Salisbury,1,1624,1624,1
1248,John Wallis,1580,1624,Salisbury,Salisbury,200,1580,1623,141
1542,Wan-Wen,,,,China,1,1839,1839,1
139,John Warner & Sons,1786,1921,Warner,Cripplegate,3571,1788,1921,1645
1253,John I Warner,1780,1820,Warner,"London, Fleet Street",1,1796,1796,1
1262,William Warre,1589,1618,,Leigh,21,1590,1618,18
1263,John Warren,1607,1607,,,1,1607,1607,1
1451,Warwick Foundry,,,,Warwick,2,1320,1320,1
1264,William Warwick,1450,1480,Bristol,Bristol,3,1450,1465,3
1265,"Wasbrough, Hale & Co",1830,1841,Bristol C19th,Bristol,2,1831,1838,2
1266,Henry Watson,1847,1878,,Newcastle upon Tyne,11,1847,1878,11
1268,Robert Watson,1817,1857,,Newcastle upon Tyne,27,1811,1899,21
1269,George Watt,1752,1795,,Edinburgh,1,1791,1791,1
1274,Watts (generic),1590,1613,Leicester,Leicester,27,1590,1601,21
1275,Hugh II Watts successor,1644,1646,,"Bedford, Leicester",1,1646,1646,1
1270,Francis Watts,1564,1600,Leicester,Leicester,10,1588,1599,9
1271,Hugh I Watts,1593,1615,Leicester,Leicester,74,1593,1614,56
1272,Hugh II Watts,1615,1643,,"Bedford, Leicester",337,1614,1642,197
1273,William Watts,1587,1597,,Bedford,18,1589,1597,12
1276,John Waylett,1703,1731,,"London, Bishop's Stortford & it",92,1704,1731,54
1452,Webster & Forshaw,,,,Liverpool,1,1813,1813,1
1434,T Webster,,,,York,1,1817,1817,1
1282,Wells (generic),,,Aldbourne,Aldbourne,4,1773,1780,4
143,James Wells,1793,1825,Aldbourne,Aldbourne,127,1799,1826,78
1281,Robert & James Wells,1792,1796,Aldbourne,Aldbourne,8,1793,1796,8
1463,Robert Wells (generic),,,Aldbourne,Aldbourne,7,1780,1799,7
1279,Robert I Wells,1763,1781,Aldbourne,Aldbourne,61,1750,1781,40
1280,Robert II Wells,1781,1798,Aldbourne,Aldbourne,56,1781,1793,38
1284,J Westcott,1815,1847,Bristol C19th,Bristol,6,1815,1847,4
1285,J and N Westcott,1823,1823,Bristol C19th,Bristol,6,1823,1823,1
1337,N R Westcott,1828,1829,Bristol C19th,,2,1815,1828,2
1288,Westley Group,2017,,,Newcastle under Lyme,30,2017,2022,12
1289,Peter de Weston,1328,1347,London,London,11,1335,1360,11
1290,James Wetmore,1652,1656,,Frocester,1,1656,1656,1
1453,Whicham group,,,,,6,1399,1499,4
1293,J White,1480,1546,Bristol,Bristol,4,1480,1530,4
1294,John White,1516,1540,Reading,Reading,9,1510,1540,9
1425,Samuel White,,,,Waltham. Lincs,1,1833,1833,1
250,Whitechapel Bell Foundry,1968,2017,Whitechapel,Whitechapel,2355,1900,2017,807
1460,Whitechapel (generic),,,Whitechapel,"Whitechapel, Middx",20,1778,1949,19
1291,William Whitmore (of Gloucester),1639,1639,,? Gloucester,1,1593,1593,1
1297,"William Whitmore (of Worcs, Watford)",1624,1657,,"Worcs, Watford",21,1624,1656,13
1298,Philip Wightman,1685,1702,London,London,33,1687,1702,13
1299,William Wightman,1680,1697,London,London,8,1680,1684,7
1300,William & Philip Wightman,,,,,10,1685,1692,6
1302,Humphrey II Wilkinson,1695,1720,,Lincoln,20,1695,1720,20
1349,A G Williams & Co,,,,Bristol,3,1869,1869,1
94,Henry Williams,1677,1719,,Glasbury,9,1701,1719,7
1303,Henry Wilnar,1629,1644,Kent,Borden,4,1629,1641,4
1304,John Wilnar,1618,1639,Kent,Borden,60,1620,1639,32
1305,John & Henry Wilnar,1636,1636,Kent,Borden,1,1636,1636,1
1306,John C Wilson,1854,1890,,Glasgow,11,1853,1890,7
1436,Thomas Wiltshire & Co,,,,Bristol,1,1798,1798,1
1388,J Winder,1846,1876,,Kendal,1,1846,1846,1
1459,Winders,,,,Kendal,1,1876,1876,1
1307,John Wiseman,,,West Country,Montacute,3,1639,1641,2
1308,Robert Wiseman,1589,1619,West Country,Montacute,32,1590,1619,26
1510,Thomas Wiseman,,,,"Montacute, Somerset",1,1628,1628,1
1309,William Wiseman,1619,,West Country,Montacute,9,1623,1649,8
1310,William & John Wiseman,1622,1649,West Country,Montacute,5,1629,1641,4
1311,Edne Witts,1759,1774,Aldbourne,Aldbourne,1,1774,1774,1
1312,William Wodeward,1395,1420,,,6,1399,1440,6
1313,Wokingham foundry,1380,1499,,,77,1310,1528,65
1314,John Wood,1691,1699,London,"(it),London, Essex",10,1691,1699,8
1315,Peter Wood,1672,1704,,Thirsk,16,1664,1704,16
1316,Thomas Wood,1656,1665,,Nott'ham/Thisk or Northallertn,12,1656,1665,11
1317,John Woolley,1520,1548,Nottingham,Nottingham,23,1525,1599,19
1318,Worcester foundry,1350,1440,Worcester,Worcester,74,1320,1649,63
1458,William Wright,,,,"Hounsditch, London",1,1726,1726,1
1320,Thomas I Wroth,1684,1722,West Country,Wellington (Som),38,1684,1721,28
1321,Thomas II Wroth,1721,1751,West Country,Wellington (Som),52,1721,1750,39
1323,Walter Wymbis,1315,1320,,,2,1315,1315,1
1324,Michael de Wymbish,,,,,5,1290,1297,3
1325,Richard de Wymbish,1290,1315,London,London,6,1290,1350,6
1326,successsor to R de Wymbish,1320,1320,London,,1,1320,1320,1
1482,William Wynberry,1554,1570,,Sussex,1,1566,1566,1
1327,Yapton group,1349,1374,,Southern England,3,1350,1374,2
1328,William Yare,1609,1616,Reading,Reading,12,1609,1613,8
1329,Henry Yaxley,1658,1684,,Suffolk,5,1671,1684,5
1331,York foundry,,,York,,47,1366,1750,35
,,,,,,1335,1050,1999,1110
