OldID\NewID
\DEWSALL
ABERGWESYN\LLANFIHABE
ABINGTON\NORTHAMP10
ALDERNEY\SAI ANNE
ALNWICK\ALNWICKRC
ALTON H A\ALTON HASS
ALTON H AS\ALTON HASS
ALTON HAN3\ALTON H L
ALTON HAN6\ALTON HASS
ARKENGARTH\LANGTHWAIT
ARLINGTON\ARLINGTOND
ASH\ASH    SUR
ASH IN MAR\ASH    SOM
BANBURY  3\BANBURY RC
BANGOR IS\BANGOR OND
BARBOURNE\WORCESTRZ4
BARTON MI-\BARTON MIL
BATH  LANS\BATH LANSD
BATH  LYNC\BATH LYNC
BATH BW\BATH BATHW
BICKLEIG T\BICKLEIG H
BIRKENHEAD\BIRKENHDOX
BIRMIN  RC\BIRMIN  R-
BIRMINUSA\BIRMIN  AL
BISHOPS HU\BISHOPS H-
BISHOPSTOW\BISHOPSTOL
BOLTON PER\BOLTONPERC
BOURNEM JE\BOURNEM SR
BRADELEY\BRADLEY
BRADFOD TO\TONG   YKS
BREDON'S N\BREDONS NO
BRIGHTONP3\BRIGHTONPK
BRISTOL 12\BRISTOL 35
BROADCHALK\BROAD CHAL
BROADWOOD\BROADWOODK
BROUGHT BU\MILTONKY08
BROUGHTON\BROUGHT YN
BUCKFASTLA\BUCKFAST
BURTON  CU\BURTON INK
BURTON IN\BURTON INL
BURTON ON\BURTON UST
CAMBRIDG55\CHERRY HIN
CAMBRIDG58\CHESTRTNC1
CAMBRIDG73\TRUMPINGTN
CANTERBR E\CANTERBR A
CANTERBY P\CANTERBR P
CHESTRTNCA\CHESTRTNC6
CHRISTCHNZ\CHRISTCHN2
CLAPHAM NY\CLAPHAM YN
CLAPHAM WS\CLAPHAM SW
CLEVEDONWP\CLEVEDONWA
CLIFTONOND\CLIFTONUD
CLIFTONONT\CLIFTONUT
COLCHSTR\COLCHSTR L
COOKLEY\COOKLEY WO
CORNARD PA\LITTLE COR
CORRINGHAM\CORRINGHML
COWLEY\COWLEY   G
CROOME D'A\CROOME DAB
DONINGTN2\DONINGTON2
DORDRECHT\DORDRECHTT
DURNFORD\GREAT DURN
EASTWOOD N\EASTWOODNO
EDINBULEIT\EDINBURGHL
ENGLEFIE\ENGLEFIGRE
ETTON\ETTON CAMB
EXETER   3\EXETER  ST
EXMOUTH WR\WITHYCOMBR
FARN3\FARNBOROKG
FARNHAM NY\FARNHAM YN
FINBOROUGH\GREAT FINB
FOTHERIGHA\FOTHERINGH
GRAHAMSTO1\MAKHANDA
GRAHAMSTO2\MAKHANDAHI
GRAIN ISLE\GRAIN
GREAT CATW\CATWORTH
GREAT DRIF\DRIFFIELDY
GRENADA\SAI GEORGE
GROTON USA\GROTON  MA
GUERNSY FO\FOREST
GUERNSY JP\SAI PETEPJ
GUERNSY P\SAI PETEPP
GUERNSY PB\SAI PIDUB3
GUERNSY PC\SAI PIDUB3
GUERNSY TO\TORTEVAL
GUERNSY VA\VALE
HACKNEY S\SOUTH HACK
HAMPSTEAD\HAMPSTEAD6
HARBLEDOWM\HARBLEDOW1
HARBLEDOWN\HARBLEDOW1
HARDWICK\HARDWICK C
HARDWICKEB\HARDWICK B
HARGRAVE\HARGRAVENH
HAYES BROM\HAYES MRYV
HAYES SOUT\HAYES MRY
HILL FARRA\HILLFARRAN
HILLSBOROU\ROYAL HILL
HOLCOMBE B\HOLCOMBEBU
HOLCOMBE R\HOLCOMBERO
HOLCOMBE-P\HOLCOMBE P
HOLCOMBEPY\HOLCOMBE P
HOLT CLWYD\HOLT WREXH
HOPE  CLWY\HOPE  FLIN
HOPE  WREX\HOPE  FLIN
HOUSTON  5\HOUSTON  1
HUCKNALL T\HUCKNALL
ILKETSHALL\ILKETSHALA
IRBY ON HU\IRBY UPONH
JERSEY  HE\SAI HELIEM
JERSEY  JO\SAI JOHNJE
JOHANNESBG\JOHANNESBP
KINGSTHORP\NORTHAMP15
KNIGHTSBRI\SOUTH KENS
LEAMINGT 6\ROYAL LEA1
LEAMINGT 8\ROYAL LEA6
LEIGH ON M\LEIGH UPOM
LEIGH THEG\LEIGH ZTHE
LINCOLN BT\LINCOLNBTB
LINDFIELD\LINDFIELDW
LITTLE WOO\MILTONKY35
LLANARTH\LLANARTHMO
LONDON14DW\LONDON14D-
LONDON15CR\LONDON15C-
LONDON20WO\LONDON22WO
LONDON46WO\LONDON22WO
LONG BURTO\LONGBURTON
MANCHSTRBR\MANCHSTRGO
MANCHSTRHU\HULME
MARYSTOWE\MARYSTOW
MELBOURNE5\MELBOURNE8
MELBOURNE7\MELBOURNE6
MERTON LON\MERTON LMY
MINSTER LO\MINSTERLO
MISTERTON\MISTERTONN
MONKSHERBO\MONK SHERB
MOSELEY\BIRMIN MS3
NEATH\NEATH   TH
NEEDWOOD\NEWCH STAF
NETLEY ABB\NETLEY
NEW ALRESF\NEW ALRES1
NEW YORK\NEW YORK12
NEWCHKENY\CULCHETH
NEWPORT GC\NEWPORT NC
NONE\DARWENNT
NORMANT  L\NORMANTONC
NORTHAMP08\NORTHAMP09
NORTON J03\NORTON ODE
NORTON JUX\NORTON ODE
NORWICHASC\NORWICH AL
OXFORD  CX\OXFORD CHW
OXFORDCOWL\COWLEY   O
OXFORDHEAD\HEADINGTON
OXFORDIFFL\IFFLEY
OXFORDMARS\OLD MARSTO
OXFORDNHKS\NORTH HINK
OXFORDWOLV\WOLVERCOTE
PARRAMATTA\PARRAMATA
PERTHCLARE\CLAREMONT
PERTHMOSMA\MOSMAN PK
PIMLICO GE\PIMLICO SA
POPLAR ALL\POPLAR ASS
POPLAR IOD\ISLE OF DG
PORTSEA\PORTSMTHEA
PORTSMUTH\PORTSMTH
PORTSMUTHA\PORTSMTHGA
PORTSMUTHP\PORTSMTHEA
PRESTON K7\PRESTON K2
PRESTON SM\PRESTONSTM
PRESTONNXF\PRESTON K2
PRESTONNXW\PRESTON K4
QUEBEC LIB\QUEBEC MAT
QUY\STOWCUMQUY
REIGATE\REIGATE  Y
ROYSTON H\ROYSTH1
RYTON  T&W\RYTON  TYW
SAI ANDREW\SAI ANDRE8
SAI GORAN\GORRAN
SAI GWINEA\GWINEAR
SAI HELIEJ\SAI JOHNJE
SAI MARYSS\HUGH TOWN
SAI PETER\SAI PETE
SAI PETERT\SAI PETE
SAI PIDUBX\SAI PIDUB0
SAI VINCEN\KINGSTOWN
SAI WINNO\SAI WINNO6
SAI WINNOW\SAI WINNO1
SHREWSBRY\SHREWSBRYC
SOUTH MYMM\SOUTH MIMM
STANTON ON\STANTON UP
STOKE D'AB\STOKE DABE
STOKE OT S\STOKE OTST
STOKE OTHA\STAFFORD12
STONEY\NEW ALRES6
STOWE NINE\CHURCH STO
STRATFIEDJ\MORTIMER
SYDNEY BAL\BALMAIN
SYDNEY BUR\BURWOOD
SYDNEY DAR\DARLING PT
SYDNEY MEN\MENANGLE
SYDNEY NAR\NAREMBURN
SYDNEY PAR\PARRAMATA
SYDNEY RAN\RANDWICKOZ
SYDNEY TUR\TURRAMURRA
THORN FALC\THORNFALCO
THORPE NEX\THORPE SAA
THORPE ST\THORPE SAI
THURLBYLSK\THURLBYLGE
THURLBYLTF\THURLBYLFI
TORQUAYTM\TORQUAY TM
TULLOCH\TULLOCHRC
TULLOCHTL\TULLOCHLT
TUNBRIDGE\ROYAL TUNB
UPHOLLAND\UP HOLLAND
UPTON ON S\UPTON UPSE
VALETTO\VALLETTA
WADESMILL\THUNDRIDGE
WESTMINSXQ\SOUTH KENS
WESTON\WESTON   L
WESTON SMW\WORLE
WESTON ZOY\WESTONZOYL
WHITCHCH G\WHITCHCH C
WILLOUGHB4\WILLOUGHB1
WILLOUGHC-\WILLOUGHB1
WILMINGTON\WILMINGTSX
WINCHESTEC\WINCHESTEM
WOODWALTON\WOOD WALTO
WOOLFARDI3\WOOLFARDI8
WOOLFARDI7\WOOLFARDI4
WOOTTON BA\ROYAL WOOT
WORCESTERA\WORCESTRAS
WORCESTERB\WORCESTRJO
WORCESTERE\WORCESTRJO
WORCESTERM\WORCESTRMA
WORCESTERN\WORCESTRNI
WORCESTERS\WORCESTRSW
WORCESTERX\WORCESTRNI
WORCESTRBA\WORCESTRZ4
WORCESTRST\WORCESTRZ4
YORK   ZSP\YORK   YSP
YORK ZAUST\YORK     W
